,Consumer_Inflation_Rate,Mortgage_Rate,House_Inflation_Rate_Colorado,House_Inflation_Rate_Denver,House_Inflation_Rate_Boulder
Consumer_Inflation_Rate,1.0,0.603640432822633,0.38946623192677615,0.38571124285674696,0.3400045877736769
Mortgage_Rate,0.603640432822633,1.0,-0.011817105239485468,-0.0052133406645360585,0.07144757059571914
House_Inflation_Rate_Colorado,0.38946623192677615,-0.011817105239485468,1.0,0.97514374973867,0.8885816366509499
House_Inflation_Rate_Denver,0.38571124285674696,-0.0052133406645360585,0.97514374973867,1.0,0.8639025859724301
House_Inflation_Rate_Boulder,0.3400045877736769,0.07144757059571914,0.8885816366509499,0.8639025859724301,1.0
