,Consumer_Inflation_Rate,Mortgage_Rate,House_Inflation_Rate_Colorado,House_Inflation_Rate_Denver,House_Inflation_Rate_Boulder
Consumer_Inflation_Rate,1.0,0.6070613951160271,0.3886700100304158,0.3820039824542426,0.33522223447386074
Mortgage_Rate,0.6070613951160271,1.0,-0.02328200205447803,-0.01984395860454918,0.0618979136432569
House_Inflation_Rate_Colorado,0.3886700100304158,-0.02328200205447803,1.0,0.9757880946174523,0.8800515933717341
House_Inflation_Rate_Denver,0.3820039824542426,-0.01984395860454918,0.9757880946174523,1.0,0.8585285722278772
House_Inflation_Rate_Boulder,0.33522223447386074,0.0618979136432569,0.8800515933717341,0.8585285722278772,1.0
