,Consumer_Inflation_Rate,Mortgage_Rate,House_Inflation_Rate_Colorado,House_Inflation_Rate_Denver,House_Inflation_Rate_Boulder,House_Inflation_Rate_USA,House_Inflation_Rate_Mountain
Consumer_Inflation_Rate,1.0,0.2377526286774058,0.3411797878198568,0.2481153292619614,0.3347144011557893,0.3204705354248551,0.2800516913832464
Mortgage_Rate,0.2377526286774058,1.0,0.021764656311362065,-0.035800855178886426,0.1301159737560688,-0.21048197411600797,-0.19214730483269268
House_Inflation_Rate_Colorado,0.3411797878198568,0.021764656311362065,1.0,0.974175642883376,0.9444236690963194,0.6728913511617196,0.691738735444833
House_Inflation_Rate_Denver,0.2481153292619614,-0.035800855178886426,0.974175642883376,1.0,0.9361805117965898,0.6410537547962689,0.6342952686501804
House_Inflation_Rate_Boulder,0.3347144011557893,0.1301159737560688,0.9444236690963194,0.9361805117965898,1.0,0.49641465260690676,0.5396277090484805
House_Inflation_Rate_USA,0.3204705354248551,-0.21048197411600797,0.6728913511617196,0.6410537547962689,0.49641465260690676,1.0,0.9060763513077078
House_Inflation_Rate_Mountain,0.2800516913832464,-0.19214730483269268,0.691738735444833,0.6342952686501804,0.5396277090484805,0.9060763513077078,1.0
