,Consumer_Inflation_Rate,Mortgage_Rate,House_Inflation_Rate_USA,House_Inflation_Rate_Mountain
Consumer_Inflation_Rate,1.0,0.19350366102780858,0.33541650151825864,0.29219063816353
Mortgage_Rate,0.19350366102780858,1.0,-0.19086334826419293,-0.16700297314782178
House_Inflation_Rate_USA,0.33541650151825864,-0.19086334826419293,1.0,0.8874253382405292
House_Inflation_Rate_Mountain,0.29219063816353,-0.16700297314782178,0.8874253382405292,1.0
