frame,overlap_start,overlap_end,overlap_rows
df,1991.0833333333333,2022.75,381
df1,1971.3333333333333,2022.8333333333333,619
df2,1978.25,2022.75,179
